CO2 Supply,Ventilation,Heating,Air Exchange Flow
1.725654106282775e-05,0.7260200960514871,0.00035895777226077787,0.09999622399430796
0.28154684863148954,6.518621416723511,0.04566918090944562,0.07072183928744397
0.4847486485588287,1.854159367293227,0.029320040535570954,0.09975372508245345
0.7995364630980755,0.14970079262975425,0.13023447013017428,0.06564625182392558
