Dry Weight[g/m^2],CO2 concentration[ppm],Air Temperature[^oC],Relative Humidity[%],Top CO2 concentration[ppm],Top Air Temperature[^oC],Top Relative Humidity[%]
3.5,0.5371205765710799,15.0,62.63102896351287,0.45655249008541793,13.0,88.47657843534513
3.499223090991044,0.4886404904110421,13.622431694969766,76.72571943177172,0.48837196379268033,13.510770124762141,77.19780366100689
3.4984810299767686,0.46452013914620116,12.952394465818452,77.13800276278556,0.46128013912715937,12.701193846166108,78.13648390235153
3.497769516103804,0.48003524352578664,12.516061577113074,79.1529758050976,0.4781426271258588,12.42777087087041,79.5458842093712
3.4970727902664134,0.5256393007405532,12.291046625764004,80.59312949852779,0.5222677111323784,12.203681082083857,81.00705358301977
