Irradiance[W· m^{−2}],CO2[kg·m^{−3}],Temperature[^oC],Humidity[kg·m^{−3}],Relative Humidity[%]
0.0,0.0007779806763762062,9.5,0.008079105250771384,88.9808994437576
0.0,0.0007775474278608155,9.65750000000489,0.008264593330263676,90.11887565377111
0.0,0.0007771558161450992,9.799999999329449,0.008419284674547313,90.98051253204606
0.0,0.0007768446620286426,9.913333333008302,0.008529936159910996,91.51741651385194
0.0,0.0007766068803734228,10.0,0.008620197596269719,91.98032685247449
