Dry Weight[g/m^2],CO2 concentration[ppm],Air Temperature[^oC],Relative Humidity[%],Top CO2 concentration[ppm],Top Air Temperature[^oC],Top Relative Humidity[%]
3.5,0.5371205765710799,15.0,62.63102896351287,0.45655249008541793,13.0,88.47657843534513
3.4990294238709976,0.5180117968916823,19.19715883907225,53.629965919865306,0.45468024319447553,12.197503625557458,80.3801553484258
