Irradiance[W· m^{−2}],CO2[kg·m^{−3}],Temperature[^oC],Humidity[kg·m^{−3}],Relative Humidity[%]
0.0,0.0007779806763762062,9.5,0.008079105250771384,88.9808994437576
0.0,0.0007775474278608155,9.65750000000489,0.008264593330263676,90.11887565377111
