CO2 Supply,Ventilation,Heating,Air Exchange Flow
-4.279584668581245e-09,4.644681945923076,150.00000060162682,0.001708948589648823
